,,NOMBRE,EQUIPO,TARJETAS AMARILLAS
1,,ÍÑIGO RUÍZ DE GALARRETA,ATHLETIC CLUB,8
1,,JOSÉ ÁNGEL CARMONA,SEVILLA FC,8
1,,LUCIEN AGOUMÉ,SEVILLA FC,8
4,,JON ARAMBURU,REAL SOCIEDAD,7
4,,MARIO MARTÍN,GETAFE CF,7
4,,ALEJANDRO CATENA,CA OSASUNA,7
4,,DOMINGOS DE SOUSA COUTINHO MENESES DUARTE,GETAFE CF,7
4,,SAMUEL DE ALMEIDA COSTA,RCD MALLORCA,7
9,,TAJON BUCHANAN,VILLARREAL CF,6
9,,ANDREI RATIU,RAYO VALLECANO,6
9,,ISI PALAZÓN,RAYO VALLECANO,6
9,,IGOR ZUBELDIA,REAL SOCIEDAD,6
9,,POL LOZANO,RCD ESPANYOL DE BARCELONA,6
9,,DANI VIVIAN,ATHLETIC CLUB,6
9,,GERARD FERNÁNDEZ CASTELLANO,SEVILLA FC,6
9,,AZZEDINE OUNAHI,GIRONA FC,6
17,,ARNAU MARTÍNEZ,GIRONA FC,5
17,,PAPE GUEYE,VILLARREAL CF,5
17,,SANTIAGO MOURIÑO,VILLARREAL CF,5
17,,MANU SÁNCHEZ,LEVANTE UD,5
17,,JOSÉ GAYÀ,VALENCIA CF,5
17,,CÉSAR TÁRREGA,VALENCIA CF,5
17,,HUGO DURO,VALENCIA CF,5
17,,VICTOR PARADA,DEPORTIVO ALAVÉS,5
17,,ANTONIO BLANCO,DEPORTIVO ALAVÉS,5
17,,OMAR EL HILALI,RCD ESPANYOL DE BARCELONA,5
17,,DJENÉ DAKONAM,GETAFE CF,5
17,,NEMANJA GUDELJ,SEVILLA FC,5
17,,VICTOR CHUST,ELCHE CF,5
17,,ALEIX FEBAS,ELCHE CF,5
17,,NATAN BERNARDO DE SOUZA,REAL BETIS,5
17,,JON MONCAYOLA,CA OSASUNA,5
17,,ABEL BRETONES,CA OSASUNA,5
17,,AURÉLIEN TCHOUAMÉNI,REAL MADRID,5
17,,JON GORROTXATEGI,REAL SOCIEDAD,5
17,,DAVID MOTA VEIGA TEIXEIRA DO CARMO,REAL OVIEDO,5
17,,BATISTA MENDY,SEVILLA FC,5
17,,ABDEL ABQAR,GETAFE CF,5
17,,PABLO MAFFEO,RCD MALLORCA,5
40,,VITOR DE OLIVEIRA NUNES DOS REIS,GIRONA FC,4
40,,ALFONSO PEDRAZA,VILLARREAL CF,4
40,,UNAI LÓPEZ,RAYO VALLECANO,4
40,,PATHÉ CISS,RAYO VALLECANO,4
40,,PEP CHAVARRÍA,RAYO VALLECANO,4
40,,JEREMY TOLJAN,LEVANTE UD,4
40,,DUJE CALETA-CAR,REAL SOCIEDAD,4
40,,JOSÉ MANUEL ARIAS COPETE,VALENCIA CF,4
40,,BRAIS MÉNDEZ,REAL SOCIEDAD,4
40,,JONATHAN CASTRO OTTO,DEPORTIVO ALAVÉS,4
40,,ABDE REBBACH,DEPORTIVO ALAVÉS,4
40,,PABLO IBÁÑEZ,DEPORTIVO ALAVÉS,4
40,,PERE MILLA,RCD ESPANYOL DE BARCELONA,4
40,,JORGE RESURRECCIÓN MERODIO,ATLÉTICO DE MADRID,4
40,,DAVID AFFENGRUBER,ELCHE CF,4
40,,VALENTÍN GÓMEZ,REAL BETIS,4
40,,CHIMY ÁVILA,REAL BETIS,4
40,,LUCAS TORRÓ,CA OSASUNA,4
40,,AIMAR OROZ,CA OSASUNA,4
40,,ENZO BOYOMO,CA OSASUNA,4
40,,FRANCO MASTANTUONO,REAL MADRID,4
40,,VINÍCIUS JOSÉ PAIXÃO DE OLIVEIRA JÚNIOR,REAL MADRID,4
40,,ÁLEX MORENO,GIRONA FC,4
40,,SANTIAGO COLOMBATTO,REAL OVIEDO,4
40,,DENIS SUÁREZ,DEPORTIVO ALAVÉS,4
40,,GERARD MARTÍN,FC BARCELONA,4
40,,ADRIÀ PEDROSA,ELCHE CF,4
40,,TANGUY NIANZOU,SEVILLA FC,4
40,,VLADYSLAV VANAT,GIRONA FC,4
40,,BRYAN GIL,GIRONA FC,4
40,,KERVIN ARRIAGA,LEVANTE UD,4
40,,ALLAN NYOM,GETAFE CF,4
72,,JOEL ROCA,GIRONA FC,3
72,,PAULO GAZZANIGA,GIRONA FC,3
72,,PAU NAVARRO,VILLARREAL CF,3
72,,SANTI COMESAÑA,VILLARREAL CF,3
72,,LUIZ LÚCIO REIS JÚNIOR,VILLARREAL CF,3
72,,FLORIAN LEJEUNE,RAYO VALLECANO,3
72,,AUGUSTO BATALLA,RAYO VALLECANO,3
72,,DANI CALVO,REAL OVIEDO,3
72,,JULES KOUNDÉ,FC BARCELONA,3
72,,FRENKIE DE JONG,FC BARCELONA,3
72,,IVÁN ROMERO,LEVANTE UD,3
72,,ADRIÁN DE LA FUENTE,LEVANTE UD,3
72,,MATÍAS MORENO,LEVANTE UD,3
72,,CARLOS ÁLVAREZ,LEVANTE UD,3
72,,BEÑAT TURRIENTES,REAL SOCIEDAD,3
72,,JON MARTÍN,REAL SOCIEDAD,3
72,,MOUCTAR DIAKHABY,VALENCIA CF,3
72,,SERGI DARDER,RCD MALLORCA,3
72,,JOHAN MOJICA,RCD MALLORCA,3
72,,CARLES ALEÑÁ,DEPORTIVO ALAVÉS,3
72,,FERNANDO CALERO,RCD ESPANYOL DE BARCELONA,3
72,,EDU EXPÓSITO,RCD ESPANYOL DE BARCELONA,3
72,,KIKE GARCÍA,RCD ESPANYOL DE BARCELONA,3
72,,MAURO ARAMBARRI,GETAFE CF,3
72,,ALEX BERENGUER,ATHLETIC CLUB,3
72,,JOHNNY CARDOSO,ATLÉTICO DE MADRID,3
72,,ALEXANDER SØRLOTH,ATLÉTICO DE MADRID,3
72,,MARCOS LLORENTE,ATLÉTICO DE MADRID,3
72,,ISAAC ROMERO,SEVILLA FC,3
72,,ANDRÉS CASTRÍN,SEVILLA FC,3
72,,DJIBRIL SOW,SEVILLA FC,3
72,,JAVI RODRÍGUEZ,CELTA,3
72,,MIGUEL ROMÁN,CELTA,3
72,,ÓSCAR MINGUEZA,CELTA,3
72,,IAGO ASPAS,CELTA,3
72,,JAVI RUEDA,CELTA,3
72,,BORJA IGLESIAS,CELTA,3
72,,FERRAN JUTGLÀ,CELTA,3
72,,MORIBA KOUROUMA KOUROUMA,CELTA,3
72,,RODRIGO MENDOZA,ELCHE CF,3
72,,GIOVANI LO CELSO,REAL BETIS,3
72,,MARC BARTRA,REAL BETIS,3
72,,IKER MUÑOZ,CA OSASUNA,3
72,,DEAN HUIJSEN,REAL MADRID,3
72,,RODRYGO SILVA DE GOES,REAL MADRID,3
72,,KYLIAN MBAPPÉ,REAL MADRID,3
72,,ÁLVARO CARRERAS,REAL MADRID,3
72,,GABRIEL SUAZO,SEVILLA FC,3
72,,URKO GONZÁLEZ DE ZÁRATE QUIRÓS,RCD ESPANYOL DE BARCELONA,3
72,,JON PACHECO,DEPORTIVO ALAVÉS,3
72,,CÉSAR AZPILICUETA,SEVILLA FC,3
72,,NICO GONZÁLEZ,ATLÉTICO DE MADRID,3
72,,THIERRY RENDALL CORREIA,VALENCIA CF,3
72,,SOFYAN AMRABAT,REAL BETIS,3
72,,UNAI VENCEDOR,LEVANTE UD,3
72,,NOBEL MENDY,RAYO VALLECANO,3
72,,JOSÉ MARÍA GIMÉNEZ,ATLÉTICO DE MADRID,3
129,,HUGO RINCÓN,GIRONA FC,2
129,,IVÁN MARTÍN,GIRONA FC,2
129,,THOMAS LEMAR,GIRONA FC,2
129,,SERGI CARDONA,VILLARREAL CF,2
129,,ALBERTO MOLEIRO,VILLARREAL CF,2
129,,NICOLAS PÉPÉ,VILLARREAL CF,2
129,,JUAN FOYTH,VILLARREAL CF,2
129,,DANI PAREJO,VILLARREAL CF,2
129,,FRAN PÉREZ,RAYO VALLECANO,2
129,,JORGE DE FRUTOS,RAYO VALLECANO,2
129,,IVÁN BALLIU,RAYO VALLECANO,2
129,,ÁLVARO GARCÍA,RAYO VALLECANO,2
129,,SERGIO CAMELLO,RAYO VALLECANO,2
129,,GERARD GUMBAU,RAYO VALLECANO,2
129,,ÓSCAR TREJO,RAYO VALLECANO,2
129,,NACHO VIDAL,REAL OVIEDO,2
129,,LUKA ILIC,REAL OVIEDO,2
129,,FEDERICO VIÑAS,REAL OVIEDO,2
129,,AARÓN ESCANDELL,REAL OVIEDO,2
129,,SALOMÓN RONDÓN,REAL OVIEDO,2
129,,ALBERTO REINA,REAL OVIEDO,2
129,,FERRAN TORRES,FC BARCELONA,2
129,,RAPHAEL DIAS BELLOLI,FC BARCELONA,2
129,,ERIC GARCÍA,FC BARCELONA,2
129,,MARCUS RASHFORD,FC BARCELONA,2
129,,ALEJANDRO BALDE,FC BARCELONA,2
129,,RONALD ARAUJO,FC BARCELONA,2
129,,FERMÍN LÓPEZ,FC BARCELONA,2
129,,ORIOL REY,LEVANTE UD,2
129,,UNAI ELGEZABAL,LEVANTE UD,2
129,,DIEGO PAMPÍN,LEVANTE UD,2
129,,PABLO MARTÍNEZ,LEVANTE UD,2
129,,MIKEL OYARZABAL,REAL SOCIEDAD,2
129,,ANDER BARRENETXEA,REAL SOCIEDAD,2
129,,DIEGO LÓPEZ,VALENCIA CF,2
129,,JAVI GUERRA,VALENCIA CF,2
129,,BAPTISTE SANTAMARÍA,VALENCIA CF,2
129,,FILIP UGRINIC,VALENCIA CF,2
129,,JOSÉ LUIS GARCÍA VAYÁ,VALENCIA CF,2
129,,OMAR MASCARELL,RCD MALLORCA,2
129,,MARTIN VALJENT,RCD MALLORCA,2
129,,LEO ROMÁN,RCD MALLORCA,2
129,,PABLO TORRE,RCD MALLORCA,2
129,,MATEU MOREY,RCD MALLORCA,2
129,,MATEO JOSEPH,RCD MALLORCA,2
129,,ANTONIO RAÍLLO,RCD MALLORCA,2
129,,TAKUMA ASANO,RCD MALLORCA,2
129,,ANTONIO SÁNCHEZ,RCD MALLORCA,2
129,,YOUSSEF ENRÍQUEZ,DEPORTIVO ALAVÉS,2
129,,ANDER GUEVARA,DEPORTIVO ALAVÉS,2
129,,FACUNDO GARCÉS,DEPORTIVO ALAVÉS,2
129,,CALEBE GONÇALVES FERREIRA DA SILVA,DEPORTIVO ALAVÉS,2
129,,NAHUEL TENAGLIA,DEPORTIVO ALAVÉS,2
129,,TYRHYS DOLAN,RCD ESPANYOL DE BARCELONA,2
129,,CARLOS ROMERO,RCD ESPANYOL DE BARCELONA,2
129,,RUBÉN SÁNCHEZ,RCD ESPANYOL DE BARCELONA,2
129,,JAVI PUADO,RCD ESPANYOL DE BARCELONA,2
129,,DIEGO RICO,GETAFE CF,2
129,,LUIS MILLA,GETAFE CF,2
129,,ISMAEL BEKHOUCHA,GETAFE CF,2
129,,DAVID SORIA,GETAFE CF,2
129,,ADRIÁN LISO,GETAFE CF,2
129,,JUAN IGLESIAS,GETAFE CF,2
129,,YURI BERCHICHE,ATHLETIC CLUB,2
129,,ANDONI GOROSABEL,ATHLETIC CLUB,2
129,,AITOR PAREDES,ATHLETIC CLUB,2
129,,MIKEL JAUREGIZAR,ATHLETIC CLUB,2
129,,JESÚS ARESO,ATHLETIC CLUB,2
129,,ALEJANDRO REGO,ATHLETIC CLUB,2
129,,MATTEO RUGGERI,ATLÉTICO DE MADRID,2
129,,ÁLEX BAENA,ATLÉTICO DE MADRID,2
129,,ROBIN LE NORMAND,ATLÉTICO DE MADRID,2
129,,CONOR GALLAGHER,ATLÉTICO DE MADRID,2
129,,JULIÁN ALVAREZ,ATLÉTICO DE MADRID,2
129,,MARCOS DO NASCIMENTO TEIXEIRA,SEVILLA FC,2
129,,HUGO SOTELO,CELTA,2
129,,HUGO ÁLVAREZ,CELTA,2
129,,MANU FERNÁNDEZ,CELTA,2
129,,MARCOS ALONSO,CELTA,2
129,,YOEL LAGO,CELTA,2
129,,GERMÁN VALERA,ELCHE CF,2
129,,PEDRO BIGAS,ELCHE CF,2
129,,ÁLVARO NÚÑEZ,ELCHE CF,2
129,,JUNIOR FIRPO,REAL BETIS,2
129,,AITOR RUIBAL,REAL BETIS,2
129,,SERGI ALTIMIRA,REAL BETIS,2
129,,CUCHO HERNÁNDEZ,REAL BETIS,2
129,,VÍCTOR MUÑOZ,CA OSASUNA,2
129,,RUBÉN GARCÍA,CA OSASUNA,2
129,,SERGIO HERRERA,CA OSASUNA,2
129,,AITOR FERNÁNDEZ,CA OSASUNA,2
129,,JORGE HERRANDO,CA OSASUNA,2
129,,KIKE BARJA,CA OSASUNA,2
129,,ÉDER GABRIEL MILITÃO PINHEIRO,REAL MADRID,2
129,,RAÚL ASENCIO,REAL MADRID,2
129,,FEDERICO VALVERDE,REAL MADRID,2
129,,ROBERT LEWANDOWSKI,FC BARCELONA,2
129,,JOSÉ ANTONIO FERRÁNDEZ POMARES,ELCHE CF,2
129,,CRISTHIAN STUANI,GIRONA FC,2
129,,LEANDER DENDONCKER,REAL OVIEDO,2
129,,DAVID COSTAS,REAL OVIEDO,2
129,,OIHAN SANCET,ATHLETIC CLUB,2
129,,LARGIE RAMAZANI,VALENCIA CF,2
129,,ODYSSEAS VLACHODIMOS,SEVILLA FC,2
129,,CLEMENS RIEDEL,RCD ESPANYOL DE BARCELONA,2
129,,NELSON DEOSSA,REAL BETIS,2
129,,MATHEW RYAN,LEVANTE UD,2
129,,JON OLASAGASTI,LEVANTE UD,2
129,,LUCAS AHIJADO,REAL OVIEDO,2
129,,CARLOS SOLER,REAL SOCIEDAD,2
129,,YVAN NEYOU,GETAFE CF,2
129,,KIKO FEMENÍA,GETAFE CF,2
129,,AYOZE PÉREZ,VILLARREAL CF,2
129,,KARL ETTA EYONG,LEVANTE UD,2
129,,AYMERIC LAPORTE,ATHLETIC CLUB,2
129,,NICOLÁS FONSECA,REAL OVIEDO,2
129,,UMAR SADIQ,VALENCIA CF,2
246,,CRISTIAN PORTUGUÉS MANZANERA,GIRONA FC,1
246,,ALEJANDRO FRANCÉS,GIRONA FC,1
246,,LADISLAV KREJCÍ,GIRONA FC,1
246,,DALEY BLIND,GIRONA FC,1
246,,RAFA MARÍN,VILLARREAL CF,1
246,,ÓSCAR VALENTÍN,RAYO VALLECANO,1
246,,PEDRO DÍAZ,RAYO VALLECANO,1
246,,LUIZ FELIPE RAMOS MARCHI,RAYO VALLECANO,1
246,,RAHIM ALHASSANE,REAL OVIEDO,1
246,,ILYAS CHAIRA,REAL OVIEDO,1
246,,OVIE EJARIA,REAL OVIEDO,1
246,,KWASI SIBO,REAL OVIEDO,1
246,,OIER LUENGO,REAL OVIEDO,1
246,,HAISSEM HASSAN,REAL OVIEDO,1
246,,PAU CUBARSÍ,FC BARCELONA,1
246,,ANDREAS CHRISTENSEN,FC BARCELONA,1
246,,JOAN GARCÍA,FC BARCELONA,1
246,,ROGER BRUGUÉ,LEVANTE UD,1
246,,JORGE CABELLO,LEVANTE UD,1
246,,SERGIO GÓMEZ,REAL SOCIEDAD,1
246,,PABLO MARÍN,REAL SOCIEDAD,1
246,,AIHEN MUÑOZ,REAL SOCIEDAD,1
246,,LUKA SUCIC,REAL SOCIEDAD,1
246,,JESÚS VÁZQUEZ,VALENCIA CF,1
246,,JULEN AGIRREZABALA,VALENCIA CF,1
246,,LUIS RIOJA,VALENCIA CF,1
246,,LUCAS BERGSTRÖM,RCD MALLORCA,1
246,,ANTONIO LATORRE GRUESO,RCD MALLORCA,1
246,,DAVID LÓPEZ,RCD MALLORCA,1
246,,VEDAT MURIQI,RCD MALLORCA,1
246,,MANU MORLANES,RCD MALLORCA,1
246,,GONÇALO MANUEL GANCHINHO GUEDES,REAL SOCIEDAD,1
246,,JOSÉ LUIS MORALES,LEVANTE UD,1
246,,MARIANO DÍAZ,DEPORTIVO ALAVÉS,1
246,,CARLOS VICENTE,DEPORTIVO ALAVÉS,1
246,,MOUSSA DIARRA,DEPORTIVO ALAVÉS,1
246,,JOSÉ SALINAS,RCD ESPANYOL DE BARCELONA,1
246,,LEANDRO CABRERA,RCD ESPANYOL DE BARCELONA,1
246,,ROBERTO FERNÁNDEZ,RCD ESPANYOL DE BARCELONA,1
246,,JOFRE CARRERAS,RCD ESPANYOL DE BARCELONA,1
246,,ANTONIU ROCA,RCD ESPANYOL DE BARCELONA,1
246,,CHRISTANTUS UCHE,GETAFE CF,1
246,,COBA DA COSTA,GETAFE CF,1
246,,DAVID CORDÓN MANCHA,GETAFE CF,1
246,,NICO WILLIAMS,ATHLETIC CLUB,1
246,,ÍÑIGO LEKUE,ATHLETIC CLUB,1
246,,ADAMA BOIRO,ATHLETIC CLUB,1
246,,ROBERT NAVARRO,ATHLETIC CLUB,1
246,,GORKA GURUZETA,ATHLETIC CLUB,1
246,,MAROAN SANNADI,ATHLETIC CLUB,1
246,,IÑAKI WILLIAMS,ATHLETIC CLUB,1
246,,URKO IRURETAGOIENA LERTXUNDI,ATHLETIC CLUB,1
246,,GIACOMO RASPADORI,ATLÉTICO DE MADRID,1
246,,NAHUEL MOLINA,ATLÉTICO DE MADRID,1
246,,GIULIANO SIMEONE,ATLÉTICO DE MADRID,1
246,,THIAGO ALMADA,ATLÉTICO DE MADRID,1
246,,MARC PUBILL,ATLÉTICO DE MADRID,1
246,,JUAN MUSSO,ATLÉTICO DE MADRID,1
246,,CLÉMENT LENGLET,ATLÉTICO DE MADRID,1
246,,JUANLU SÁNCHEZ,SEVILLA FC,1
246,,ADNAN JANUZAJ,SEVILLA FC,1
246,,ØRJAN NYLAND,SEVILLA FC,1
246,,AKOR ADAMS,SEVILLA FC,1
246,,ALBERTO FLORES,SEVILLA FC,1
246,,BRYAN ZARAGOZA,CELTA,1
246,,SERGIO CARREIRA,CELTA,1
246,,WILLIOT SWEDBERG,CELTA,1
246,,CARLOS DOMÍNGUEZ,CELTA,1
246,,MATÍAS DITURO,ELCHE CF,1
246,,MARTIM CARVALHO NETO,ELCHE CF,1
246,,BAMBO DIABY,ELCHE CF,1
246,,RAFA MIR,ELCHE CF,1
246,,LÉO PÉTROT,ELCHE CF,1
246,,JOHN DONALD,ELCHE CF,1
246,,MARC AGUADO,ELCHE CF,1
246,,ANDRÉ MIGUEL VALENTE DA SILVA,ELCHE CF,1
246,,RODRIGO RIQUELME,REAL BETIS,1
246,,PABLO GARCÍA,REAL BETIS,1
246,,PABLO FORNALS,REAL BETIS,1
246,,PAU LÓPEZ,REAL BETIS,1
246,,HÉCTOR BELLERÍN,REAL BETIS,1
246,,ÁNGEL ORTIZ,REAL BETIS,1
246,,MOI GÓMEZ,CA OSASUNA,1
246,,RAÚL GARCÍA,CA OSASUNA,1
246,,VALENTIN ROSIER,CA OSASUNA,1
246,,ARDA GÜLER,REAL MADRID,1
246,,GONZALO GARCÍA,REAL MADRID,1
246,,BRAHIM DÍAZ,REAL MADRID,1
246,,DAMIÁN RODRÍGUEZ,CELTA,1
246,,MARASH KUMBULLA,RCD MALLORCA,1
246,,RENATO PALMA VEIGA,VILLARREAL CF,1
246,,ARSEN ZAKHARYAN,REAL SOCIEDAD,1
246,,ERIC BAILLY,REAL OVIEDO,1
246,,JOSIP BREKALO,REAL OVIEDO,1
246,,RUBÉN VARGAS,SEVILLA FC,1
246,,BEÑAT PRADOS,ATHLETIC CLUB,1
246,,JOAQUÍN MARTÍNEZ GAUNA,SEVILLA FC,1
246,,CHARLES PICKEL,RCD ESPANYOL DE BARCELONA,1
246,,MARC ROCA,REAL BETIS,1
246,,IKER BENITO,CA OSASUNA,1
246,,GRADY DIANGANA,ELCHE CF,1
246,,ALEXIS SÁNCHEZ,SEVILLA FC,1
246,,ABU KAMARA,GETAFE CF,1
246,,MARC BERNAL,FC BARCELONA,1
246,,ANTONY MATHEUS DOS SANTOS,REAL BETIS,1
246,,ABDE EZZALZOULI,REAL BETIS,1
246,,ALEXANDRE ZURAWSKI,RAYO VALLECANO,1
246,,CARL STARFELT,CELTA,1
246,,GODUINE KOYALIPOU,LEVANTE UD,1
246,,JUDE BELLINGHAM,REAL MADRID,1
246,,ALEJANDRO SAN CRISTÓBAL SÁNCHEZ,GETAFE CF,1
246,,YAGO SANTIAGO,ELCHE CF,1
246,,YANGEL HERRERA,REAL SOCIEDAD,1
246,,JOAN JORDÁN,SEVILLA FC,1
246,,CARLOS MACIÀ,VILLARREAL CF,1
246,,JUAN ARANGO,GIRONA FC,1
246,,JAVI GALÁN,CA OSASUNA,1
246,,CARLOS MARTÍN,RAYO VALLECANO,1
246,,THIAGO BORBAS,REAL OVIEDO,1
246,,MARTÍN SATRIANO,GETAFE CF,1
246,,ILIAS AKHOMACH,RAYO VALLECANO,1
246,,FRAN BELTRÁN,GIRONA FC,1
368,,VIKTOR TSYHANKOV,GIRONA FC,0
368,,JUAN CARLOS MARTÍN CORRAL,GIRONA FC,0
368,,DAVID LÓPEZ,GIRONA FC,0
368,,BOJAN MIOVSKI,GIRONA FC,0
368,,VLADYSLAV KRAPYVTSOV,GIRONA FC,0
368,,JHON SOLÍS,GIRONA FC,0
368,,PAPA DAME BA,GIRONA FC,0
368,,GIBERT JORDANA,GIRONA FC,0
368,,YÁSER ASPRILLA,GIRONA FC,0
368,,YÉREMY PINO,VILLARREAL CF,0
368,,RUBÉN GÓMEZ,VILLARREAL CF,0
368,,THOMAS PARTEY,VILLARREAL CF,0
368,,GERARD MORENO,VILLARREAL CF,0
368,,JEAN VALOU,VILLARREAL CF,0
368,,ADRIÀ ALTI,VILLARREAL CF,0
368,,PAU CABANES,VILLARREAL CF,0
368,,DANI CÁRDENAS,RAYO VALLECANO,0
368,,PELAYO FERNÁNDEZ,RAYO VALLECANO,0
368,,LUIS ALFONSO ESPINO GARCÍA,RAYO VALLECANO,0
368,,JOZHUA VERTROUWD,RAYO VALLECANO,0
368,,RANDY NTEKA,RAYO VALLECANO,0
368,,SAMU BECERRA,RAYO VALLECANO,0
368,,BORJA SÁNCHEZ,REAL OVIEDO,0
368,,ÁLEX CARDERO,REAL OVIEDO,0
368,,MIGUEL NARVÁEZ,REAL OVIEDO,0
368,,JOSÉ LUIS PEREDA LÓPEZ,REAL OVIEDO,0
368,,OMAR FALAH,REAL OVIEDO,0
368,,MARCO ESTEBAN,REAL OVIEDO,0
368,,HORATIU MOLDOVAN,REAL OVIEDO,0
368,,SANTI CAZORLA,REAL OVIEDO,0
368,,BRANDON DOMINGUÈS,REAL OVIEDO,0
368,,LAMINE GUEYE,REAL OVIEDO,0
368,,TONI FERNÁNDEZ,FC BARCELONA,0
368,,JOFRE TORRENTS,FC BARCELONA,0
368,,MARC CASADÓ,FC BARCELONA,0
368,,GUILLE FERNÁNDEZ,FC BARCELONA,0
368,,DRO FERNÁNDEZ,FC BARCELONA,0
368,,DANI OLMO,FC BARCELONA,0
368,,PABLO MARTÍN PÁEZ GAVIRA,FC BARCELONA,0
368,,DIEGO KOCHEN,FC BARCELONA,0
368,,PEDRO GONZÁLEZ LÓPEZ,FC BARCELONA,0
368,,LAMINE YAMAL NASRAOUI EBANA,FC BARCELONA,0
368,,PACO CORTÉS,LEVANTE UD,0
368,,PABLO CAMPOS,LEVANTE UD,0
368,,MARTÍN KRUG,LEVANTE UD,0
368,,VÍCTOR GARCÍA,LEVANTE UD,0
368,,SERGIO LOZANO,LEVANTE UD,0
368,,JOAN RUIZ,LEVANTE UD,0
368,,NACHO PÉREZ,LEVANTE UD,0
368,,CAYETANO ROMERO,LEVANTE UD,0
368,,ÁLEX PRIMO,LEVANTE UD,0
368,,CARLOS ESPÍ,LEVANTE UD,0
368,,ORRI ÓSKARSSON,REAL SOCIEDAD,0
368,,ARITZ ELUSTONDO,REAL SOCIEDAD,0
368,,TAKEFUSA KUBO,REAL SOCIEDAD,0
368,,JON KARRIKABURU,REAL SOCIEDAD,0
368,,ÁLEX REMIRO,REAL SOCIEDAD,0
368,,MIKEL GOTI,REAL SOCIEDAD,0
368,,UNAI MARRERO,REAL SOCIEDAD,0
368,,HAMARI TRAORÉ,REAL SOCIEDAD,0
368,,ERAY CÖMERT,VALENCIA CF,0
368,,DOMINGOS ANDRÉ RIBEIRO ALMEIDA,VALENCIA CF,0
368,,RUBÉN IRANZO,VALENCIA CF,0
368,,ARNAUT DANJUMA,VALENCIA CF,0
368,,DIMITRI FOULQUIER,VALENCIA CF,0
368,,CRISTIAN RIVERO,VALENCIA CF,0
368,,AIMAR BLÁZQUEZ,VALENCIA CF,0
368,,DANI RABA,VALENCIA CF,0
368,,PABLO LÓPEZ,VALENCIA CF,0
368,,JAN SALAS,RCD MALLORCA,0
368,,DANIEL LUNA,RCD MALLORCA,0
368,,JAVI LLABRÉS,RCD MALLORCA,0
368,,ABDÓN PRATS,RCD MALLORCA,0
368,,ILIESSE SALHI,RCD MALLORCA,0
368,,DANI RODRÍGUEZ,RCD MALLORCA,0
368,,MARC DOMENECH,RCD MALLORCA,0
368,,JON GURIDI,DEPORTIVO ALAVÉS,0
368,,RAÚL FERNÁNDEZ,DEPORTIVO ALAVÉS,0
368,,ANTONIO SIVERA,DEPORTIVO ALAVÉS,0
368,,NIKOLA MARAS,DEPORTIVO ALAVÉS,0
368,,CARLOS PROTESONI,DEPORTIVO ALAVÉS,0
368,,TONI MARTÍNEZ,DEPORTIVO ALAVÉS,0
368,,GRÉGOIRE SWIDERSKI,DEPORTIVO ALAVÉS,0
368,,LANDER PINILLOS,DEPORTIVO ALAVÉS,0
368,,DAVID OTORBI,VALENCIA CF,0
368,,PABLO RAMÓN,RCD ESPANYOL DE BARCELONA,0
368,,MIGUEL RUBIO,RCD ESPANYOL DE BARCELONA,0
368,,POL TRISTÁN,RCD ESPANYOL DE BARCELONA,0
368,,RAMON TERRATS,RCD ESPANYOL DE BARCELONA,0
368,,ROGER HINOJO,RCD ESPANYOL DE BARCELONA,0
368,,RAFEL BAUZÀ,RCD ESPANYOL DE BARCELONA,0
368,,MARKO DMITROVIC,RCD ESPANYOL DE BARCELONA,0
368,,ÁNGEL FORTUÑO,RCD ESPANYOL DE BARCELONA,0
368,,JIRÍ LETÁCEK,GETAFE CF,0
368,,PETER FEDERICO GONZÁLEZ CARMONA,GETAFE CF,0
368,,JOSÉ LUIS PÉREZ DEL AMO,GETAFE CF,0
368,,ÁLEX SOLA,GETAFE CF,0
368,,ALBERTO RISCO,GETAFE CF,0
368,,MARC VILAPLANA,GETAFE CF,0
368,,UNAI SIMÓN,ATHLETIC CLUB,0
368,,MIKEL VESGA,ATHLETIC CLUB,0
368,,JON DE LUIS,ATHLETIC CLUB,0
368,,NICO SERRANO,ATHLETIC CLUB,0
368,,ÁLEX PADILLA,ATHLETIC CLUB,0
368,,PABLO BARRIOS,ATLÉTICO DE MADRID,0
368,,ANTOINE GRIEZMANN,ATLÉTICO DE MADRID,0
368,,SALVI ESQUIVEL,ATLÉTICO DE MADRID,0
368,,DÁVID HANCKO,ATLÉTICO DE MADRID,0
368,,JAN OBLAK,ATLÉTICO DE MADRID,0
368,,EDU ALTOZANO,SEVILLA FC,0
368,,STANIS IDUMBO,SEVILLA FC,0
368,,CHIDERA EJUKE,SEVILLA FC,0
368,,KIKE SALAS,SEVILLA FC,0
368,,MIGUEL SIERRA,SEVILLA FC,0
368,,RAFAEL ROMERO,SEVILLA FC,0
368,,DODI LUKÉBAKIO,SEVILLA FC,0
368,,MANU BUENO,SEVILLA FC,0
368,,PABLO DURÁN,CELTA,0
368,,JONES EL ABDELLAOUI,CELTA,0
368,,MIHAILO RISTIC,CELTA,0
368,,IONUT RADU,CELTA,0
368,,IVÁN VILLAR,CELTA,0
368,,JAIRO IZQUIERDO,ELCHE CF,0
368,,MOURAD EL GHEZOUANI,ELCHE CF,0
368,,ALI HOUARY,ELCHE CF,0
368,,ANTONIO MARTÍNEZ,ELCHE CF,0
368,,ÁLVARO RODRÍGUEZ,ELCHE CF,0
368,,ALBERT NICULAESEI,ELCHE CF,0
368,,ALEJANDRO ITURBE,ELCHE CF,0
368,,FEDERICO REDONDO,ELCHE CF,0
368,,ADRIÁN SAN MIGUEL DEL CASTILLO,REAL BETIS,0
368,,RICARDO RODRÍGUEZ,REAL BETIS,0
368,,MAWULI MENSAH,REAL BETIS,0
368,,ÁLVARO VALLES,REAL BETIS,0
368,,CÉDRIC BAKAMBU,REAL BETIS,0
368,,DANI PÉREZ,REAL BETIS,0
368,,RAÚL CHASCO,CA OSASUNA,0
368,,DIMITRIOS STAMATAKIS,CA OSASUNA,0
368,,MAURO ECHEGOYEN,CA OSASUNA,0
368,,ASIER OSAMBELA,CA OSASUNA,0
368,,ANTE BUDIMIR,CA OSASUNA,0
368,,JUAN CRUZ ÁLVARO ARMADA,CA OSASUNA,0
368,,FRAN GARCÍA,REAL MADRID,0
368,,THIAGO PITARCH,REAL MADRID,0
368,,DANI CEBALLOS,REAL MADRID,0
368,,THIBAUT COURTOIS,REAL MADRID,0
368,,DANI CARVAJAL,REAL MADRID,0
368,,DAVID ALABA,REAL MADRID,0
368,,ANDRII LUNIN,REAL MADRID,0
368,,TRENT ALEXANDER-ARNOLD,REAL MADRID,0
368,,SERGIO MESTRE,REAL MADRID,0
368,,IVÁN CORRALEJO,REAL BETIS,0
368,,JANO MONSERRATE,ATLÉTICO DE MADRID,0
368,,IKER LOSADA,LEVANTE UD,0
368,,IVÁN CUÉLLAR SACRISTÁN,RCD MALLORCA,0
368,,LUCA KOLEOSHO,RCD ESPANYOL DE BARCELONA,0
368,,STOLE DIMITRIEVSKI,VALENCIA CF,0
368,,DAWDA CAMARA,GIRONA FC,0
368,,AXEL WITSEL,GIRONA FC,0
368,,ANTONIO RÜDIGER,REAL MADRID,0
368,,ÁLEX FORÉS,REAL OVIEDO,0
368,,BORJA MAYORAL,GETAFE CF,0
368,,JUAN PEDRO GIL BUENO,RAYO VALLECANO,0
368,,UNAI GÓMEZ,ATHLETIC CLUB,0
368,,MANU GONZÁLEZ,REAL BETIS,0
368,,LUCAS NÚÑEZ,VALENCIA CF,0
368,,JAN VIRGILI,RCD MALLORCA,0
368,,IÑAKI PEÑA,ELCHE CF,0
368,,ÁLEX COSTA,SEVILLA FC,0
368,,ALFON GONZÁLEZ,SEVILLA FC,0
368,,RÚBEN MONTERO,DEPORTIVO ALAVÉS,0
368,,DIEGO LLORENTE,REAL BETIS,0
368,,GERMÁN GARCÍA,REAL BETIS,0
368,,THEO FOLGADO,REAL SOCIEDAD,0
368,,HUGO LOPEZ,VILLARREAL CF,0
368,,DIEGO CONDE,VILLARREAL CF,0
368,,TANI OLUWASEYI,VILLARREAL CF,0
368,,ARNAU TENAS,VILLARREAL CF,0
368,,WOJCIECH SZCZESNY,FC BARCELONA,0
368,,MARCOS NAVARRO,VALENCIA CF,0
368,,ADAM BOAYAR,ELCHE CF,0
368,,HÉCTOR FORT,ELCHE CF,0
368,,FÁBIO RAFAEL RODRIGUES CARDOSO,SEVILLA FC,0
368,,JAVI LÓPEZ,REAL OVIEDO,0
368,,LUCAS BOYÉ,DEPORTIVO ALAVÉS,0
368,,ÁLVARO ODRIOZOLA,REAL SOCIEDAD,0
368,,AITOR FRAGA,REAL SOCIEDAD,0
368,,MIKEL SANTOS,ATHLETIC CLUB,0
368,,GEORGES MIKAUTADZE,VILLARREAL CF,0
368,,MANOR SOLOMON,VILLARREAL CF,0
368,,ROONY BARDGHJI,FC BARCELONA,0
368,,LUCAS BELTRÁN,VALENCIA CF,0
368,,DARLING BLADI,REAL BETIS,0
368,,MARCO DE LAS SIAS,RAYO VALLECANO,0
368,,ADRIÁN MOLINA,RAYO VALLECANO,0
368,,DONNY VAN DE BEEK,GIRONA FC,0
368,,DOMINIK LIVAKOVIC,GIRONA FC,0
368,,ABEL RUIZ,GIRONA FC,0
368,,SHERALDO BECKER,CA OSASUNA,0
368,,JAVI HERNÁNDEZ,RCD ESPANYOL DE BARCELONA,0
368,,DAVID JIMÉNEZ,REAL MADRID,0
368,,EDUARDO CAMAVINGA,REAL MADRID,0
368,,ENDRICK FELIPE MOREIRA DE SOUSA,REAL MADRID,0
368,,TAUFIK SEIDU ZANZI AWUDU,ATLÉTICO DE MADRID,0
368,,JAVI MUÑOZ,GETAFE CF,0
368,,ALAN MATTURRO,LEVANTE UD,0
368,,LANCINET KOUROUMA,GIRONA FC,0
368,,ALEKSANDAR ANDREEV,GIRONA FC,0
368,,ISMAEL SIERRA,VILLARREAL CF,0
368,,MAHAMOUD BARRY,VILLARREAL CF,0
368,,IKER MONREAL,ATHLETIC CLUB,0
368,,JAVIER OLAIZOLA,RCD MALLORCA,0
368,,MYKYTA ALEKSANDROV,GETAFE CF,0
368,,ALEX LEBARBIER,REAL SOCIEDAD,0
368,,MARTÍN PEDROARENA,CA OSASUNA,0
368,,EDER ALLER,FC BARCELONA,0
368,,ILIAS KOSTIS,ATLÉTICO DE MADRID,0
368,,FRANCO CERVI,CELTA,0
368,,RAMÓN MARTÍNEZ,SEVILLA FC,0
368,,DIEGO FERRER,GETAFE CF,0
368,,JORGE BENITO,GETAFE CF,0
368,,JUAN MIGUEL JIMÉNEZ LÓPEZ,GETAFE CF,0
368,,IBON SÁNCHEZ,ATHLETIC CLUB,0
368,,JAVIER SARASA,GIRONA FC,0
368,,LUKEN BEITIA,REAL SOCIEDAD,0
368,,DIEGO MORCILLO,DEPORTIVO ALAVÉS,0
368,,CARLOS BALLESTERO,DEPORTIVO ALAVÉS,0
368,,JUAN HERNÁNDEZ,FC BARCELONA,0
368,,XAVI ESPART,FC BARCELONA,0
368,,JOSEPH AIDOO,CELTA,0
368,,DAVID DELGADO,ELCHE CF,0
368,,ALEJANDRO PANACH OLMO,VALENCIA CF,0
368,,LUCAS LASO,GETAFE CF,0
368,,ANTONIO SALGUERO,GIRONA FC,0
368,,POL ARNAU,GIRONA FC,0
368,,FERLAND MENDY,REAL MADRID,0
368,,YASSIN TALLAL,GETAFE CF,0
368,,SELTON SÁNCHEZ,ATHLETIC CLUB,0
368,,FRAN GONZÁLEZ,REAL MADRID,0
368,,NIL TORREGUITART,RCD MALLORCA,0
368,,PABLO AGUDÍN,REAL OVIEDO,0
368,,IÑIGO ARGUIBIDE,CA OSASUNA,0
368,,ALEX MARCHAL,REAL SOCIEDAD,0
368,,ASIER HIERRO,ATHLETIC CLUB,0
368,,HUGO SOLOZABAL,GETAFE CF,0
368,,JOEL FONTANET,VALENCIA CF,0
368,,ÁNGEL ARCOS,CELTA,0
368,,MARIO DE LUIS,ATLÉTICO DE MADRID,0
368,,FRANCISCO ROMÁN ALARCÓN SUÁREZ,REAL BETIS,0
368,,JORGE MONTES,GETAFE CF,0
368,,EGOITZ MUÑOZ,DEPORTIVO ALAVÉS,0
368,,IZEI HERNANDEZ,DEPORTIVO ALAVÉS,0
368,,TOMÁS MARQUÉS,FC BARCELONA,0
368,,MIKEL SERRANO,CA OSASUNA,0
368,,HUSEINI NAKOHA,LEVANTE UD,0
368,,GORKA CARRERA,REAL SOCIEDAD,0
368,,EDER GARCÍA,ATHLETIC CLUB,0
368,,ENDIKA BUJAN,ATHLETIC CLUB,0
368,,AITOR MAÑAS,DEPORTIVO ALAVÉS,0
368,,JAVIER BOÑAR,ATLÉTICO DE MADRID,0
368,,ALEKSA PURIC,ATLÉTICO DE MADRID,0
368,,ALASSANE DIATTA,VILLARREAL CF,0
368,,JOAN MARTÍNEZ,REAL MADRID,0
368,,DANI MARTINEZ,ATLÉTICO DE MADRID,0
368,,LLORENÇ SERRED MARTÍNEZ,RCD ESPANYOL DE BARCELONA,0
368,,IKER ORTÍN,SEVILLA FC,0
368,,LORENZO LUCHINO,SEVILLA FC,0
368,,JORGE CESTERO,REAL MADRID,0
368,,VÍCTOR VALDEPEÑAS TALAVERA,REAL MADRID,0
368,,DIEGO MENÉNDEZ,REAL OVIEDO,0
368,,XANET OLÁIZ,DEPORTIVO ALAVÉS,0
368,,HUGO GONZÁLEZ,CELTA,0
368,,FERRAN GÓMEZ GÓMEZ,RCD ESPANYOL DE BARCELONA,0
368,,ARKAITZ MARIEZKURRENA,REAL SOCIEDAD,0
368,,LANDER ASTIAZARÁN,REAL SOCIEDAD,0
368,,VICENT ABRIL,VALENCIA CF,0
368,,JOSÉ ÁNGEL GAITÁN DIAZ,VILLARREAL CF,0
368,,KAREEM TUNDE,LEVANTE UD,0
368,,DANIEL BALLESTEROS FERNÁNDEZ,ELCHE CF,0
368,,ALEJANDRO MESTANZA,GETAFE CF,0
368,,JULIO DÍAZ,ATLÉTICO DE MADRID,0
368,,IKER LUQUE,ATLÉTICO DE MADRID,0
368,,KAZUNARI KITA,REAL SOCIEDAD,0
368,,IBAI AGUIRRE,REAL SOCIEDAD,0
368,,ADRIÁN RIQUELME,GETAFE CF,0
368,,JUSTIN KALUMBA,RCD MALLORCA,0
368,,ÁLVARO LEIVA,REAL MADRID,0
368,,CÉSAR PALACIOS,REAL MADRID,0
368,,UGO RAGHOUBER,LEVANTE UD,0
368,,RAYANE BELAID,ATLÉTICO DE MADRID,0
368,,HUGO BURCIO,CELTA,0
368,,JOÃO PEDRO CAVACO CANCELO,FC BARCELONA,0
368,,JOB OCHIENG,REAL SOCIEDAD,0
368,,BEMA SINA,ELCHE CF,0
368,,ALEJANDRO SÁNCHEZ MANTECÓN,ELCHE CF,0
368,,FEDERICO GATTONI,SEVILLA FC,0
368,,DIEGO AGUADO,REAL MADRID,0
368,,RAÚL MORO,CA OSASUNA,0
368,,SERGIO ESTEBAN,ATLÉTICO DE MADRID,0
368,,DANIEL DÍAZ,REAL SOCIEDAD,0
368,,LUIS VÁZQUEZ,GETAFE CF,0
368,,ZAID ROMERO,GETAFE CF,0
368,,SEBASTIÁN BOSELLI,GETAFE CF,0
368,,MARC-ANDRÉ TER STEGEN,GIRONA FC,0
368,,CLAUDIO ECHEVERRI,GIRONA FC,0
