,,NOMBRE,EQUIPO,TARJETAS ROJAS
1,,FEDERICO VIÑAS,REAL OVIEDO,3
2,,ÍÑIGO LEKUE,ATHLETIC CLUB,2
3,,PAULO GAZZANIGA,GIRONA FC,1
3,,ALEJANDRO FRANCÉS,GIRONA FC,1
3,,VITOR DE OLIVEIRA NUNES DOS REIS,GIRONA FC,1
3,,IVÁN MARTÍN,GIRONA FC,1
3,,SANTI COMESAÑA,VILLARREAL CF,1
3,,SANTIAGO MOURIÑO,VILLARREAL CF,1
3,,ÓSCAR VALENTÍN,RAYO VALLECANO,1
3,,UNAI LÓPEZ,RAYO VALLECANO,1
3,,PATHÉ CISS,RAYO VALLECANO,1
3,,SERGIO CAMELLO,RAYO VALLECANO,1
3,,LUKA ILIC,REAL OVIEDO,1
3,,ILYAS CHAIRA,REAL OVIEDO,1
3,,SANTI CAZORLA,REAL OVIEDO,1
3,,ALBERTO REINA,REAL OVIEDO,1
3,,FRENKIE DE JONG,FC BARCELONA,1
3,,PEDRO GONZÁLEZ LÓPEZ,FC BARCELONA,1
3,,DUJE CALETA-CAR,REAL SOCIEDAD,1
3,,CRISTIAN RIVERO,VALENCIA CF,1
3,,JOSÉ GAYÀ,VALENCIA CF,1
3,,VEDAT MURIQI,RCD MALLORCA,1
3,,ANTONIO SÁNCHEZ,RCD MALLORCA,1
3,,MANU MORLANES,RCD MALLORCA,1
3,,CARLOS PROTESONI,DEPORTIVO ALAVÉS,1
3,,TYRHYS DOLAN,RCD ESPANYOL DE BARCELONA,1
3,,PERE MILLA,RCD ESPANYOL DE BARCELONA,1
3,,LUIS MILLA,GETAFE CF,1
3,,DANI VIVIAN,ATHLETIC CLUB,1
3,,GORKA GURUZETA,ATHLETIC CLUB,1
3,,ÁLEX PADILLA,ATHLETIC CLUB,1
3,,ALEXANDER SØRLOTH,ATLÉTICO DE MADRID,1
3,,CLÉMENT LENGLET,ATLÉTICO DE MADRID,1
3,,MARCOS DO NASCIMENTO TEIXEIRA,SEVILLA FC,1
3,,VICTOR CHUST,ELCHE CF,1
3,,DAVID AFFENGRUBER,ELCHE CF,1
3,,FEDERICO REDONDO,ELCHE CF,1
3,,ALEJANDRO CATENA,CA OSASUNA,1
3,,VALENTIN ROSIER,CA OSASUNA,1
3,,ABEL BRETONES,CA OSASUNA,1
3,,FRAN GARCÍA,REAL MADRID,1
3,,DEAN HUIJSEN,REAL MADRID,1
3,,ANDRII LUNIN,REAL MADRID,1
3,,ÁLVARO CARRERAS,REAL MADRID,1
3,,RENATO PALMA VEIGA,VILLARREAL CF,1
3,,AXEL WITSEL,GIRONA FC,1
3,,OIHAN SANCET,ATHLETIC CLUB,1
3,,DAVID MOTA VEIGA TEIXEIRA DO CARMO,REAL OVIEDO,1
3,,LUCAS BOYÉ,DEPORTIVO ALAVÉS,1
3,,CARLOS SOLER,REAL SOCIEDAD,1
3,,ANTONY MATHEUS DOS SANTOS,REAL BETIS,1
3,,CARL STARFELT,CELTA,1
3,,UNAI VENCEDOR,LEVANTE UD,1
3,,ENDRICK FELIPE MOREIRA DE SOUSA,REAL MADRID,1
3,,NOBEL MENDY,RAYO VALLECANO,1
3,,ALEJANDRO SAN CRISTÓBAL SÁNCHEZ,GETAFE CF,1
3,,ALLAN NYOM,GETAFE CF,1
3,,LANCINET KOUROUMA,GIRONA FC,1
3,,IÑIGO ARGUIBIDE,CA OSASUNA,1
60,,VIKTOR TSYHANKOV,GIRONA FC,0
60,,JOEL ROCA,GIRONA FC,0
60,,ARNAU MARTÍNEZ,GIRONA FC,0
60,,CRISTIAN PORTUGUÉS MANZANERA,GIRONA FC,0
60,,JUAN CARLOS MARTÍN CORRAL,GIRONA FC,0
60,,DAVID LÓPEZ,GIRONA FC,0
60,,BOJAN MIOVSKI,GIRONA FC,0
60,,HUGO RINCÓN,GIRONA FC,0
60,,LADISLAV KREJCÍ,GIRONA FC,0
60,,VLADYSLAV KRAPYVTSOV,GIRONA FC,0
60,,JHON SOLÍS,GIRONA FC,0
60,,PAPA DAME BA,GIRONA FC,0
60,,DALEY BLIND,GIRONA FC,0
60,,THOMAS LEMAR,GIRONA FC,0
60,,GIBERT JORDANA,GIRONA FC,0
60,,YÁSER ASPRILLA,GIRONA FC,0
60,,PAU NAVARRO,VILLARREAL CF,0
60,,SERGI CARDONA,VILLARREAL CF,0
60,,YÉREMY PINO,VILLARREAL CF,0
60,,RUBÉN GÓMEZ,VILLARREAL CF,0
60,,ALBERTO MOLEIRO,VILLARREAL CF,0
60,,NICOLAS PÉPÉ,VILLARREAL CF,0
60,,PAPE GUEYE,VILLARREAL CF,0
60,,THOMAS PARTEY,VILLARREAL CF,0
60,,GERARD MORENO,VILLARREAL CF,0
60,,JEAN VALOU,VILLARREAL CF,0
60,,JUAN FOYTH,VILLARREAL CF,0
60,,ADRIÀ ALTI,VILLARREAL CF,0
60,,ALFONSO PEDRAZA,VILLARREAL CF,0
60,,LUIZ LÚCIO REIS JÚNIOR,VILLARREAL CF,0
60,,TAJON BUCHANAN,VILLARREAL CF,0
60,,DANI PAREJO,VILLARREAL CF,0
60,,PAU CABANES,VILLARREAL CF,0
60,,RAFA MARÍN,VILLARREAL CF,0
60,,DANI CÁRDENAS,RAYO VALLECANO,0
60,,ANDREI RATIU,RAYO VALLECANO,0
60,,FRAN PÉREZ,RAYO VALLECANO,0
60,,PELAYO FERNÁNDEZ,RAYO VALLECANO,0
60,,JORGE DE FRUTOS,RAYO VALLECANO,0
60,,PEDRO DÍAZ,RAYO VALLECANO,0
60,,LUIS ALFONSO ESPINO GARCÍA,RAYO VALLECANO,0
60,,FLORIAN LEJEUNE,RAYO VALLECANO,0
60,,JOZHUA VERTROUWD,RAYO VALLECANO,0
60,,IVÁN BALLIU,RAYO VALLECANO,0
60,,ÁLVARO GARCÍA,RAYO VALLECANO,0
60,,LUIZ FELIPE RAMOS MARCHI,RAYO VALLECANO,0
60,,AUGUSTO BATALLA,RAYO VALLECANO,0
60,,PEP CHAVARRÍA,RAYO VALLECANO,0
60,,GERARD GUMBAU,RAYO VALLECANO,0
60,,ÓSCAR TREJO,RAYO VALLECANO,0
60,,ISI PALAZÓN,RAYO VALLECANO,0
60,,RANDY NTEKA,RAYO VALLECANO,0
60,,SAMU BECERRA,RAYO VALLECANO,0
60,,NACHO VIDAL,REAL OVIEDO,0
60,,BORJA SÁNCHEZ,REAL OVIEDO,0
60,,ÁLEX CARDERO,REAL OVIEDO,0
60,,RAHIM ALHASSANE,REAL OVIEDO,0
60,,MIGUEL NARVÁEZ,REAL OVIEDO,0
60,,JOSÉ LUIS PEREDA LÓPEZ,REAL OVIEDO,0
60,,OMAR FALAH,REAL OVIEDO,0
60,,AARÓN ESCANDELL,REAL OVIEDO,0
60,,MARCO ESTEBAN,REAL OVIEDO,0
60,,HORATIU MOLDOVAN,REAL OVIEDO,0
60,,OVIE EJARIA,REAL OVIEDO,0
60,,KWASI SIBO,REAL OVIEDO,0
60,,OIER LUENGO,REAL OVIEDO,0
60,,DANI CALVO,REAL OVIEDO,0
60,,SALOMÓN RONDÓN,REAL OVIEDO,0
60,,BRANDON DOMINGUÈS,REAL OVIEDO,0
60,,HAISSEM HASSAN,REAL OVIEDO,0
60,,LAMINE GUEYE,REAL OVIEDO,0
60,,TONI FERNÁNDEZ,FC BARCELONA,0
60,,JULES KOUNDÉ,FC BARCELONA,0
60,,FERRAN TORRES,FC BARCELONA,0
60,,PAU CUBARSÍ,FC BARCELONA,0
60,,JOFRE TORRENTS,FC BARCELONA,0
60,,RAPHAEL DIAS BELLOLI,FC BARCELONA,0
60,,MARC CASADÓ,FC BARCELONA,0
60,,ERIC GARCÍA,FC BARCELONA,0
60,,GUILLE FERNÁNDEZ,FC BARCELONA,0
60,,ANDREAS CHRISTENSEN,FC BARCELONA,0
60,,MARCUS RASHFORD,FC BARCELONA,0
60,,DRO FERNÁNDEZ,FC BARCELONA,0
60,,DANI OLMO,FC BARCELONA,0
60,,ALEJANDRO BALDE,FC BARCELONA,0
60,,PABLO MARTÍN PÁEZ GAVIRA,FC BARCELONA,0
60,,RONALD ARAUJO,FC BARCELONA,0
60,,DIEGO KOCHEN,FC BARCELONA,0
60,,FERMÍN LÓPEZ,FC BARCELONA,0
60,,JOAN GARCÍA,FC BARCELONA,0
60,,LAMINE YAMAL NASRAOUI EBANA,FC BARCELONA,0
60,,PACO CORTÉS,LEVANTE UD,0
60,,PABLO CAMPOS,LEVANTE UD,0
60,,MARTÍN KRUG,LEVANTE UD,0
60,,IVÁN ROMERO,LEVANTE UD,0
60,,ORIOL REY,LEVANTE UD,0
60,,VÍCTOR GARCÍA,LEVANTE UD,0
60,,JEREMY TOLJAN,LEVANTE UD,0
60,,ADRIÁN DE LA FUENTE,LEVANTE UD,0
60,,SERGIO LOZANO,LEVANTE UD,0
60,,UNAI ELGEZABAL,LEVANTE UD,0
60,,JOAN RUIZ,LEVANTE UD,0
60,,DIEGO PAMPÍN,LEVANTE UD,0
60,,ROGER BRUGUÉ,LEVANTE UD,0
60,,NACHO PÉREZ,LEVANTE UD,0
60,,MATÍAS MORENO,LEVANTE UD,0
60,,CAYETANO ROMERO,LEVANTE UD,0
60,,ÁLEX PRIMO,LEVANTE UD,0
60,,PABLO MARTÍNEZ,LEVANTE UD,0
60,,CARLOS ESPÍ,LEVANTE UD,0
60,,JORGE CABELLO,LEVANTE UD,0
60,,MANU SÁNCHEZ,LEVANTE UD,0
60,,CARLOS ÁLVAREZ,LEVANTE UD,0
60,,BEÑAT TURRIENTES,REAL SOCIEDAD,0
60,,SERGIO GÓMEZ,REAL SOCIEDAD,0
60,,ORRI ÓSKARSSON,REAL SOCIEDAD,0
60,,ARITZ ELUSTONDO,REAL SOCIEDAD,0
60,,JON ARAMBURU,REAL SOCIEDAD,0
60,,PABLO MARÍN,REAL SOCIEDAD,0
60,,TAKEFUSA KUBO,REAL SOCIEDAD,0
60,,AIHEN MUÑOZ,REAL SOCIEDAD,0
60,,JON KARRIKABURU,REAL SOCIEDAD,0
60,,ÁLEX REMIRO,REAL SOCIEDAD,0
60,,LUKA SUCIC,REAL SOCIEDAD,0
60,,MIKEL OYARZABAL,REAL SOCIEDAD,0
60,,JON MARTÍN,REAL SOCIEDAD,0
60,,MIKEL GOTI,REAL SOCIEDAD,0
60,,IGOR ZUBELDIA,REAL SOCIEDAD,0
60,,UNAI MARRERO,REAL SOCIEDAD,0
60,,HAMARI TRAORÉ,REAL SOCIEDAD,0
60,,ANDER BARRENETXEA,REAL SOCIEDAD,0
60,,ERAY CÖMERT,VALENCIA CF,0
60,,DIEGO LÓPEZ,VALENCIA CF,0
60,,JOSÉ MANUEL ARIAS COPETE,VALENCIA CF,0
60,,JESÚS VÁZQUEZ,VALENCIA CF,0
60,,JULEN AGIRREZABALA,VALENCIA CF,0
60,,DOMINGOS ANDRÉ RIBEIRO ALMEIDA,VALENCIA CF,0
60,,RUBÉN IRANZO,VALENCIA CF,0
60,,ARNAUT DANJUMA,VALENCIA CF,0
60,,JAVI GUERRA,VALENCIA CF,0
60,,DIMITRI FOULQUIER,VALENCIA CF,0
60,,BAPTISTE SANTAMARÍA,VALENCIA CF,0
60,,AIMAR BLÁZQUEZ,VALENCIA CF,0
60,,FILIP UGRINIC,VALENCIA CF,0
60,,DANI RABA,VALENCIA CF,0
60,,JOSÉ LUIS GARCÍA VAYÁ,VALENCIA CF,0
60,,LUIS RIOJA,VALENCIA CF,0
60,,PABLO LÓPEZ,VALENCIA CF,0
60,,CÉSAR TÁRREGA,VALENCIA CF,0
60,,MOUCTAR DIAKHABY,VALENCIA CF,0
60,,HUGO DURO,VALENCIA CF,0
60,,OMAR MASCARELL,RCD MALLORCA,0
60,,LUCAS BERGSTRÖM,RCD MALLORCA,0
60,,JAN SALAS,RCD MALLORCA,0
60,,DANIEL LUNA,RCD MALLORCA,0
60,,MARTIN VALJENT,RCD MALLORCA,0
60,,LEO ROMÁN,RCD MALLORCA,0
60,,ANTONIO LATORRE GRUESO,RCD MALLORCA,0
60,,JAVI LLABRÉS,RCD MALLORCA,0
60,,PABLO TORRE,RCD MALLORCA,0
60,,MATEU MOREY,RCD MALLORCA,0
60,,ABDÓN PRATS,RCD MALLORCA,0
60,,ILIESSE SALHI,RCD MALLORCA,0
60,,MATEO JOSEPH,RCD MALLORCA,0
60,,DANI RODRÍGUEZ,RCD MALLORCA,0
60,,MARC DOMENECH,RCD MALLORCA,0
60,,DAVID LÓPEZ,RCD MALLORCA,0
60,,ANTONIO RAÍLLO,RCD MALLORCA,0
60,,TAKUMA ASANO,RCD MALLORCA,0
60,,SERGI DARDER,RCD MALLORCA,0
60,,JOHAN MOJICA,RCD MALLORCA,0
60,,BRAIS MÉNDEZ,REAL SOCIEDAD,0
60,,GONÇALO MANUEL GANCHINHO GUEDES,REAL SOCIEDAD,0
60,,JOSÉ LUIS MORALES,LEVANTE UD,0
60,,JON GURIDI,DEPORTIVO ALAVÉS,0
60,,RAÚL FERNÁNDEZ,DEPORTIVO ALAVÉS,0
60,,MARIANO DÍAZ,DEPORTIVO ALAVÉS,0
60,,ANTONIO SIVERA,DEPORTIVO ALAVÉS,0
60,,YOUSSEF ENRÍQUEZ,DEPORTIVO ALAVÉS,0
60,,NIKOLA MARAS,DEPORTIVO ALAVÉS,0
60,,JONATHAN CASTRO OTTO,DEPORTIVO ALAVÉS,0
60,,CARLES ALEÑÁ,DEPORTIVO ALAVÉS,0
60,,ANDER GUEVARA,DEPORTIVO ALAVÉS,0
60,,ABDE REBBACH,DEPORTIVO ALAVÉS,0
60,,PABLO IBÁÑEZ,DEPORTIVO ALAVÉS,0
60,,FACUNDO GARCÉS,DEPORTIVO ALAVÉS,0
60,,TONI MARTÍNEZ,DEPORTIVO ALAVÉS,0
60,,VICTOR PARADA,DEPORTIVO ALAVÉS,0
60,,GRÉGOIRE SWIDERSKI,DEPORTIVO ALAVÉS,0
60,,CARLOS VICENTE,DEPORTIVO ALAVÉS,0
60,,ANTONIO BLANCO,DEPORTIVO ALAVÉS,0
60,,CALEBE GONÇALVES FERREIRA DA SILVA,DEPORTIVO ALAVÉS,0
60,,LANDER PINILLOS,DEPORTIVO ALAVÉS,0
60,,NAHUEL TENAGLIA,DEPORTIVO ALAVÉS,0
60,,MOUSSA DIARRA,DEPORTIVO ALAVÉS,0
60,,DAVID OTORBI,VALENCIA CF,0
60,,OMAR EL HILALI,RCD ESPANYOL DE BARCELONA,0
60,,JOSÉ SALINAS,RCD ESPANYOL DE BARCELONA,0
60,,PABLO RAMÓN,RCD ESPANYOL DE BARCELONA,0
60,,FERNANDO CALERO,RCD ESPANYOL DE BARCELONA,0
60,,LEANDRO CABRERA,RCD ESPANYOL DE BARCELONA,0
60,,POL LOZANO,RCD ESPANYOL DE BARCELONA,0
60,,MIGUEL RUBIO,RCD ESPANYOL DE BARCELONA,0
60,,POL TRISTÁN,RCD ESPANYOL DE BARCELONA,0
60,,RAMON TERRATS,RCD ESPANYOL DE BARCELONA,0
60,,EDU EXPÓSITO,RCD ESPANYOL DE BARCELONA,0
60,,ROGER HINOJO,RCD ESPANYOL DE BARCELONA,0
60,,CARLOS ROMERO,RCD ESPANYOL DE BARCELONA,0
60,,RUBÉN SÁNCHEZ,RCD ESPANYOL DE BARCELONA,0
60,,ROBERTO FERNÁNDEZ,RCD ESPANYOL DE BARCELONA,0
60,,JAVI PUADO,RCD ESPANYOL DE BARCELONA,0
60,,JOFRE CARRERAS,RCD ESPANYOL DE BARCELONA,0
60,,RAFEL BAUZÀ,RCD ESPANYOL DE BARCELONA,0
60,,MARKO DMITROVIC,RCD ESPANYOL DE BARCELONA,0
60,,ANTONIU ROCA,RCD ESPANYOL DE BARCELONA,0
60,,KIKE GARCÍA,RCD ESPANYOL DE BARCELONA,0
60,,ÁNGEL FORTUÑO,RCD ESPANYOL DE BARCELONA,0
60,,DJENÉ DAKONAM,GETAFE CF,0
60,,DIEGO RICO,GETAFE CF,0
60,,JIRÍ LETÁCEK,GETAFE CF,0
60,,PETER FEDERICO GONZÁLEZ CARMONA,GETAFE CF,0
60,,CHRISTANTUS UCHE,GETAFE CF,0
60,,COBA DA COSTA,GETAFE CF,0
60,,JOSÉ LUIS PÉREZ DEL AMO,GETAFE CF,0
60,,MAURO ARAMBARRI,GETAFE CF,0
60,,MARIO MARTÍN,GETAFE CF,0
60,,ISMAEL BEKHOUCHA,GETAFE CF,0
60,,DAVID SORIA,GETAFE CF,0
60,,ADRIÁN LISO,GETAFE CF,0
60,,ÁLEX SOLA,GETAFE CF,0
60,,JUAN IGLESIAS,GETAFE CF,0
60,,ALBERTO RISCO,GETAFE CF,0
60,,DAVID CORDÓN MANCHA,GETAFE CF,0
60,,MARC VILAPLANA,GETAFE CF,0
60,,YURI BERCHICHE,ATHLETIC CLUB,0
60,,ANDONI GOROSABEL,ATHLETIC CLUB,0
60,,UNAI SIMÓN,ATHLETIC CLUB,0
60,,NICO WILLIAMS,ATHLETIC CLUB,0
60,,ADAMA BOIRO,ATHLETIC CLUB,0
60,,MIKEL VESGA,ATHLETIC CLUB,0
60,,AITOR PAREDES,ATHLETIC CLUB,0
60,,ALEX BERENGUER,ATHLETIC CLUB,0
60,,ROBERT NAVARRO,ATHLETIC CLUB,0
60,,ÍÑIGO RUÍZ DE GALARRETA,ATHLETIC CLUB,0
60,,JON DE LUIS,ATHLETIC CLUB,0
60,,MAROAN SANNADI,ATHLETIC CLUB,0
60,,NICO SERRANO,ATHLETIC CLUB,0
60,,IÑAKI WILLIAMS,ATHLETIC CLUB,0
60,,MIKEL JAUREGIZAR,ATHLETIC CLUB,0
60,,JESÚS ARESO,ATHLETIC CLUB,0
60,,URKO IRURETAGOIENA LERTXUNDI,ATHLETIC CLUB,0
60,,ALEJANDRO REGO,ATHLETIC CLUB,0
60,,JORGE RESURRECCIÓN MERODIO,ATLÉTICO DE MADRID,0
60,,PABLO BARRIOS,ATLÉTICO DE MADRID,0
60,,MATTEO RUGGERI,ATLÉTICO DE MADRID,0
60,,ÁLEX BAENA,ATLÉTICO DE MADRID,0
60,,ROBIN LE NORMAND,ATLÉTICO DE MADRID,0
60,,ANTOINE GRIEZMANN,ATLÉTICO DE MADRID,0
60,,GIACOMO RASPADORI,ATLÉTICO DE MADRID,0
60,,SALVI ESQUIVEL,ATLÉTICO DE MADRID,0
60,,NAHUEL MOLINA,ATLÉTICO DE MADRID,0
60,,GIULIANO SIMEONE,ATLÉTICO DE MADRID,0
60,,THIAGO ALMADA,ATLÉTICO DE MADRID,0
60,,CONOR GALLAGHER,ATLÉTICO DE MADRID,0
60,,JOHNNY CARDOSO,ATLÉTICO DE MADRID,0
60,,JULIÁN ALVAREZ,ATLÉTICO DE MADRID,0
60,,MARC PUBILL,ATLÉTICO DE MADRID,0
60,,JUAN MUSSO,ATLÉTICO DE MADRID,0
60,,MARCOS LLORENTE,ATLÉTICO DE MADRID,0
60,,DÁVID HANCKO,ATLÉTICO DE MADRID,0
60,,JAN OBLAK,ATLÉTICO DE MADRID,0
60,,JUANLU SÁNCHEZ,SEVILLA FC,0
60,,ISAAC ROMERO,SEVILLA FC,0
60,,ADNAN JANUZAJ,SEVILLA FC,0
60,,ØRJAN NYLAND,SEVILLA FC,0
60,,EDU ALTOZANO,SEVILLA FC,0
60,,STANIS IDUMBO,SEVILLA FC,0
60,,ANDRÉS CASTRÍN,SEVILLA FC,0
60,,JOSÉ ÁNGEL CARMONA,SEVILLA FC,0
60,,CHIDERA EJUKE,SEVILLA FC,0
60,,KIKE SALAS,SEVILLA FC,0
60,,MIGUEL SIERRA,SEVILLA FC,0
60,,RAFAEL ROMERO,SEVILLA FC,0
60,,DJIBRIL SOW,SEVILLA FC,0
60,,DODI LUKÉBAKIO,SEVILLA FC,0
60,,GERARD FERNÁNDEZ CASTELLANO,SEVILLA FC,0
60,,LUCIEN AGOUMÉ,SEVILLA FC,0
60,,MANU BUENO,SEVILLA FC,0
60,,AKOR ADAMS,SEVILLA FC,0
60,,NEMANJA GUDELJ,SEVILLA FC,0
60,,ALBERTO FLORES,SEVILLA FC,0
60,,JAVI RODRÍGUEZ,CELTA,0
60,,MIGUEL ROMÁN,CELTA,0
60,,ÓSCAR MINGUEZA,CELTA,0
60,,BRYAN ZARAGOZA,CELTA,0
60,,IAGO ASPAS,CELTA,0
60,,PABLO DURÁN,CELTA,0
60,,HUGO SOTELO,CELTA,0
60,,HUGO ÁLVAREZ,CELTA,0
60,,MANU FERNÁNDEZ,CELTA,0
60,,JAVI RUEDA,CELTA,0
60,,JONES EL ABDELLAOUI,CELTA,0
60,,BORJA IGLESIAS,CELTA,0
60,,SERGIO CARREIRA,CELTA,0
60,,MIHAILO RISTIC,CELTA,0
60,,IONUT RADU,CELTA,0
60,,IVÁN VILLAR,CELTA,0
60,,MARCOS ALONSO,CELTA,0
60,,YOEL LAGO,CELTA,0
60,,FERRAN JUTGLÀ,CELTA,0
60,,MORIBA KOUROUMA KOUROUMA,CELTA,0
60,,WILLIOT SWEDBERG,CELTA,0
60,,CARLOS DOMÍNGUEZ,CELTA,0
60,,MATÍAS DITURO,ELCHE CF,0
60,,MARTIM CARVALHO NETO,ELCHE CF,0
60,,JAIRO IZQUIERDO,ELCHE CF,0
60,,BAMBO DIABY,ELCHE CF,0
60,,GERMÁN VALERA,ELCHE CF,0
60,,RAFA MIR,ELCHE CF,0
60,,PEDRO BIGAS,ELCHE CF,0
60,,MOURAD EL GHEZOUANI,ELCHE CF,0
60,,ALI HOUARY,ELCHE CF,0
60,,LÉO PÉTROT,ELCHE CF,0
60,,ANTONIO MARTÍNEZ,ELCHE CF,0
60,,ÁLVARO RODRÍGUEZ,ELCHE CF,0
60,,ÁLVARO NÚÑEZ,ELCHE CF,0
60,,ALBERT NICULAESEI,ELCHE CF,0
60,,JOHN DONALD,ELCHE CF,0
60,,MARC AGUADO,ELCHE CF,0
60,,ALEJANDRO ITURBE,ELCHE CF,0
60,,ALEIX FEBAS,ELCHE CF,0
60,,ANDRÉ MIGUEL VALENTE DA SILVA,ELCHE CF,0
60,,RODRIGO MENDOZA,ELCHE CF,0
60,,GIOVANI LO CELSO,REAL BETIS,0
60,,RODRIGO RIQUELME,REAL BETIS,0
60,,JUNIOR FIRPO,REAL BETIS,0
60,,PABLO GARCÍA,REAL BETIS,0
60,,PABLO FORNALS,REAL BETIS,0
60,,ADRIÁN SAN MIGUEL DEL CASTILLO,REAL BETIS,0
60,,NATAN BERNARDO DE SOUZA,REAL BETIS,0
60,,VALENTÍN GÓMEZ,REAL BETIS,0
60,,AITOR RUIBAL,REAL BETIS,0
60,,RICARDO RODRÍGUEZ,REAL BETIS,0
60,,CHIMY ÁVILA,REAL BETIS,0
60,,PAU LÓPEZ,REAL BETIS,0
60,,SERGI ALTIMIRA,REAL BETIS,0
60,,HÉCTOR BELLERÍN,REAL BETIS,0
60,,CUCHO HERNÁNDEZ,REAL BETIS,0
60,,MAWULI MENSAH,REAL BETIS,0
60,,MARC BARTRA,REAL BETIS,0
60,,ÁNGEL ORTIZ,REAL BETIS,0
60,,ÁLVARO VALLES,REAL BETIS,0
60,,CÉDRIC BAKAMBU,REAL BETIS,0
60,,DANI PÉREZ,REAL BETIS,0
60,,VÍCTOR MUÑOZ,CA OSASUNA,0
60,,RAÚL CHASCO,CA OSASUNA,0
60,,DIMITRIOS STAMATAKIS,CA OSASUNA,0
60,,MAURO ECHEGOYEN,CA OSASUNA,0
60,,MOI GÓMEZ,CA OSASUNA,0
60,,IKER MUÑOZ,CA OSASUNA,0
60,,RUBÉN GARCÍA,CA OSASUNA,0
60,,ASIER OSAMBELA,CA OSASUNA,0
60,,ANTE BUDIMIR,CA OSASUNA,0
60,,SERGIO HERRERA,CA OSASUNA,0
60,,AITOR FERNÁNDEZ,CA OSASUNA,0
60,,JON MONCAYOLA,CA OSASUNA,0
60,,LUCAS TORRÓ,CA OSASUNA,0
60,,JUAN CRUZ ÁLVARO ARMADA,CA OSASUNA,0
60,,RAÚL GARCÍA,CA OSASUNA,0
60,,AIMAR OROZ,CA OSASUNA,0
60,,JORGE HERRANDO,CA OSASUNA,0
60,,ENZO BOYOMO,CA OSASUNA,0
60,,KIKE BARJA,CA OSASUNA,0
60,,AURÉLIEN TCHOUAMÉNI,REAL MADRID,0
60,,ARDA GÜLER,REAL MADRID,0
60,,THIAGO PITARCH,REAL MADRID,0
60,,DANI CEBALLOS,REAL MADRID,0
60,,THIBAUT COURTOIS,REAL MADRID,0
60,,FRANCO MASTANTUONO,REAL MADRID,0
60,,ÉDER GABRIEL MILITÃO PINHEIRO,REAL MADRID,0
60,,DANI CARVAJAL,REAL MADRID,0
60,,DAVID ALABA,REAL MADRID,0
60,,GONZALO GARCÍA,REAL MADRID,0
60,,RAÚL ASENCIO,REAL MADRID,0
60,,TRENT ALEXANDER-ARNOLD,REAL MADRID,0
60,,RODRYGO SILVA DE GOES,REAL MADRID,0
60,,BRAHIM DÍAZ,REAL MADRID,0
60,,KYLIAN MBAPPÉ,REAL MADRID,0
60,,FEDERICO VALVERDE,REAL MADRID,0
60,,VINÍCIUS JOSÉ PAIXÃO DE OLIVEIRA JÚNIOR,REAL MADRID,0
60,,SERGIO MESTRE,REAL MADRID,0
60,,IVÁN CORRALEJO,REAL BETIS,0
60,,DAMIÁN RODRÍGUEZ,CELTA,0
60,,JANO MONSERRATE,ATLÉTICO DE MADRID,0
60,,IKER LOSADA,LEVANTE UD,0
60,,ROBERT LEWANDOWSKI,FC BARCELONA,0
60,,JOSÉ ANTONIO FERRÁNDEZ POMARES,ELCHE CF,0
60,,IVÁN CUÉLLAR SACRISTÁN,RCD MALLORCA,0
60,,MARASH KUMBULLA,RCD MALLORCA,0
60,,LUCA KOLEOSHO,RCD ESPANYOL DE BARCELONA,0
60,,STOLE DIMITRIEVSKI,VALENCIA CF,0
60,,JON GORROTXATEGI,REAL SOCIEDAD,0
60,,ARSEN ZAKHARYAN,REAL SOCIEDAD,0
60,,ÁLEX MORENO,GIRONA FC,0
60,,CRISTHIAN STUANI,GIRONA FC,0
60,,DAWDA CAMARA,GIRONA FC,0
60,,ANTONIO RÜDIGER,REAL MADRID,0
60,,LEANDER DENDONCKER,REAL OVIEDO,0
60,,SANTIAGO COLOMBATTO,REAL OVIEDO,0
60,,ERIC BAILLY,REAL OVIEDO,0
60,,JOSIP BREKALO,REAL OVIEDO,0
60,,ÁLEX FORÉS,REAL OVIEDO,0
60,,DAVID COSTAS,REAL OVIEDO,0
60,,BORJA MAYORAL,GETAFE CF,0
60,,DOMINGOS DE SOUSA COUTINHO MENESES DUARTE,GETAFE CF,0
60,,RUBÉN VARGAS,SEVILLA FC,0
60,,JUAN PEDRO GIL BUENO,RAYO VALLECANO,0
60,,BEÑAT PRADOS,ATHLETIC CLUB,0
60,,UNAI GÓMEZ,ATHLETIC CLUB,0
60,,MANU GONZÁLEZ,REAL BETIS,0
60,,LARGIE RAMAZANI,VALENCIA CF,0
60,,LUCAS NÚÑEZ,VALENCIA CF,0
60,,SAMUEL DE ALMEIDA COSTA,RCD MALLORCA,0
60,,JAN VIRGILI,RCD MALLORCA,0
60,,IÑAKI PEÑA,ELCHE CF,0
60,,JOAQUÍN MARTÍNEZ GAUNA,SEVILLA FC,0
60,,ÁLEX COSTA,SEVILLA FC,0
60,,GABRIEL SUAZO,SEVILLA FC,0
60,,ALFON GONZÁLEZ,SEVILLA FC,0
60,,ODYSSEAS VLACHODIMOS,SEVILLA FC,0
60,,URKO GONZÁLEZ DE ZÁRATE QUIRÓS,RCD ESPANYOL DE BARCELONA,0
60,,CLEMENS RIEDEL,RCD ESPANYOL DE BARCELONA,0
60,,CHARLES PICKEL,RCD ESPANYOL DE BARCELONA,0
60,,JON PACHECO,DEPORTIVO ALAVÉS,0
60,,DENIS SUÁREZ,DEPORTIVO ALAVÉS,0
60,,RÚBEN MONTERO,DEPORTIVO ALAVÉS,0
60,,DIEGO LLORENTE,REAL BETIS,0
60,,NELSON DEOSSA,REAL BETIS,0
60,,MARC ROCA,REAL BETIS,0
60,,GERMÁN GARCÍA,REAL BETIS,0
60,,MATHEW RYAN,LEVANTE UD,0
60,,JON OLASAGASTI,LEVANTE UD,0
60,,IKER BENITO,CA OSASUNA,0
60,,THEO FOLGADO,REAL SOCIEDAD,0
60,,HUGO LOPEZ,VILLARREAL CF,0
60,,DIEGO CONDE,VILLARREAL CF,0
60,,TANI OLUWASEYI,VILLARREAL CF,0
60,,ARNAU TENAS,VILLARREAL CF,0
60,,WOJCIECH SZCZESNY,FC BARCELONA,0
60,,GERARD MARTÍN,FC BARCELONA,0
60,,MARCOS NAVARRO,VALENCIA CF,0
60,,ADRIÀ PEDROSA,ELCHE CF,0
60,,ADAM BOAYAR,ELCHE CF,0
60,,HÉCTOR FORT,ELCHE CF,0
60,,GRADY DIANGANA,ELCHE CF,0
60,,CÉSAR AZPILICUETA,SEVILLA FC,0
60,,ALEXIS SÁNCHEZ,SEVILLA FC,0
60,,BATISTA MENDY,SEVILLA FC,0
60,,TANGUY NIANZOU,SEVILLA FC,0
60,,FÁBIO RAFAEL RODRIGUES CARDOSO,SEVILLA FC,0
60,,JAVI LÓPEZ,REAL OVIEDO,0
60,,LUCAS AHIJADO,REAL OVIEDO,0
60,,ÁLVARO ODRIOZOLA,REAL SOCIEDAD,0
60,,AITOR FRAGA,REAL SOCIEDAD,0
60,,NICO GONZÁLEZ,ATLÉTICO DE MADRID,0
60,,MIKEL SANTOS,ATHLETIC CLUB,0
60,,YVAN NEYOU,GETAFE CF,0
60,,ABDEL ABQAR,GETAFE CF,0
60,,ABU KAMARA,GETAFE CF,0
60,,KIKO FEMENÍA,GETAFE CF,0
60,,AYOZE PÉREZ,VILLARREAL CF,0
60,,GEORGES MIKAUTADZE,VILLARREAL CF,0
60,,MANOR SOLOMON,VILLARREAL CF,0
60,,ROONY BARDGHJI,FC BARCELONA,0
60,,MARC BERNAL,FC BARCELONA,0
60,,LUCAS BELTRÁN,VALENCIA CF,0
60,,THIERRY RENDALL CORREIA,VALENCIA CF,0
60,,SOFYAN AMRABAT,REAL BETIS,0
60,,DARLING BLADI,REAL BETIS,0
60,,ABDE EZZALZOULI,REAL BETIS,0
60,,ALEXANDRE ZURAWSKI,RAYO VALLECANO,0
60,,MARCO DE LAS SIAS,RAYO VALLECANO,0
60,,ADRIÁN MOLINA,RAYO VALLECANO,0
60,,VLADYSLAV VANAT,GIRONA FC,0
60,,DONNY VAN DE BEEK,GIRONA FC,0
60,,BRYAN GIL,GIRONA FC,0
60,,AZZEDINE OUNAHI,GIRONA FC,0
60,,DOMINIK LIVAKOVIC,GIRONA FC,0
60,,ABEL RUIZ,GIRONA FC,0
60,,KARL ETTA EYONG,LEVANTE UD,0
60,,GODUINE KOYALIPOU,LEVANTE UD,0
60,,KERVIN ARRIAGA,LEVANTE UD,0
60,,SHERALDO BECKER,CA OSASUNA,0
60,,PABLO MAFFEO,RCD MALLORCA,0
60,,JAVI HERNÁNDEZ,RCD ESPANYOL DE BARCELONA,0
60,,DAVID JIMÉNEZ,REAL MADRID,0
60,,EDUARDO CAMAVINGA,REAL MADRID,0
60,,JUDE BELLINGHAM,REAL MADRID,0
60,,AYMERIC LAPORTE,ATHLETIC CLUB,0
60,,TAUFIK SEIDU ZANZI AWUDU,ATLÉTICO DE MADRID,0
60,,JAVI MUÑOZ,GETAFE CF,0
60,,ALAN MATTURRO,LEVANTE UD,0
60,,ALEKSANDAR ANDREEV,GIRONA FC,0
60,,ISMAEL SIERRA,VILLARREAL CF,0
60,,MAHAMOUD BARRY,VILLARREAL CF,0
60,,IKER MONREAL,ATHLETIC CLUB,0
60,,JAVIER OLAIZOLA,RCD MALLORCA,0
60,,MYKYTA ALEKSANDROV,GETAFE CF,0
60,,ALEX LEBARBIER,REAL SOCIEDAD,0
60,,MARTÍN PEDROARENA,CA OSASUNA,0
60,,EDER ALLER,FC BARCELONA,0
60,,ILIAS KOSTIS,ATLÉTICO DE MADRID,0
60,,FRANCO CERVI,CELTA,0
60,,RAMÓN MARTÍNEZ,SEVILLA FC,0
60,,DIEGO FERRER,GETAFE CF,0
60,,JORGE BENITO,GETAFE CF,0
60,,JUAN MIGUEL JIMÉNEZ LÓPEZ,GETAFE CF,0
60,,IBON SÁNCHEZ,ATHLETIC CLUB,0
60,,JAVIER SARASA,GIRONA FC,0
60,,LUKEN BEITIA,REAL SOCIEDAD,0
60,,DIEGO MORCILLO,DEPORTIVO ALAVÉS,0
60,,CARLOS BALLESTERO,DEPORTIVO ALAVÉS,0
60,,YAGO SANTIAGO,ELCHE CF,0
60,,JOSÉ MARÍA GIMÉNEZ,ATLÉTICO DE MADRID,0
60,,JUAN HERNÁNDEZ,FC BARCELONA,0
60,,XAVI ESPART,FC BARCELONA,0
60,,JOSEPH AIDOO,CELTA,0
60,,YANGEL HERRERA,REAL SOCIEDAD,0
60,,DAVID DELGADO,ELCHE CF,0
60,,ALEJANDRO PANACH OLMO,VALENCIA CF,0
60,,LUCAS LASO,GETAFE CF,0
60,,ANTONIO SALGUERO,GIRONA FC,0
60,,POL ARNAU,GIRONA FC,0
60,,FERLAND MENDY,REAL MADRID,0
60,,YASSIN TALLAL,GETAFE CF,0
60,,SELTON SÁNCHEZ,ATHLETIC CLUB,0
60,,FRAN GONZÁLEZ,REAL MADRID,0
60,,NIL TORREGUITART,RCD MALLORCA,0
60,,PABLO AGUDÍN,REAL OVIEDO,0
60,,ALEX MARCHAL,REAL SOCIEDAD,0
60,,JOAN JORDÁN,SEVILLA FC,0
60,,ASIER HIERRO,ATHLETIC CLUB,0
60,,HUGO SOLOZABAL,GETAFE CF,0
60,,JOEL FONTANET,VALENCIA CF,0
60,,ÁNGEL ARCOS,CELTA,0
60,,MARIO DE LUIS,ATLÉTICO DE MADRID,0
60,,FRANCISCO ROMÁN ALARCÓN SUÁREZ,REAL BETIS,0
60,,JORGE MONTES,GETAFE CF,0
60,,EGOITZ MUÑOZ,DEPORTIVO ALAVÉS,0
60,,IZEI HERNANDEZ,DEPORTIVO ALAVÉS,0
60,,TOMÁS MARQUÉS,FC BARCELONA,0
60,,MIKEL SERRANO,CA OSASUNA,0
60,,HUSEINI NAKOHA,LEVANTE UD,0
60,,GORKA CARRERA,REAL SOCIEDAD,0
60,,EDER GARCÍA,ATHLETIC CLUB,0
60,,ENDIKA BUJAN,ATHLETIC CLUB,0
60,,AITOR MAÑAS,DEPORTIVO ALAVÉS,0
60,,JAVIER BOÑAR,ATLÉTICO DE MADRID,0
60,,ALEKSA PURIC,ATLÉTICO DE MADRID,0
60,,ALASSANE DIATTA,VILLARREAL CF,0
60,,CARLOS MACIÀ,VILLARREAL CF,0
60,,JUAN ARANGO,GIRONA FC,0
60,,JOAN MARTÍNEZ,REAL MADRID,0
60,,DANI MARTINEZ,ATLÉTICO DE MADRID,0
60,,LLORENÇ SERRED MARTÍNEZ,RCD ESPANYOL DE BARCELONA,0
60,,IKER ORTÍN,SEVILLA FC,0
60,,LORENZO LUCHINO,SEVILLA FC,0
60,,JORGE CESTERO,REAL MADRID,0
60,,VÍCTOR VALDEPEÑAS TALAVERA,REAL MADRID,0
60,,DIEGO MENÉNDEZ,REAL OVIEDO,0
60,,XANET OLÁIZ,DEPORTIVO ALAVÉS,0
60,,HUGO GONZÁLEZ,CELTA,0
60,,FERRAN GÓMEZ GÓMEZ,RCD ESPANYOL DE BARCELONA,0
60,,ARKAITZ MARIEZKURRENA,REAL SOCIEDAD,0
60,,LANDER ASTIAZARÁN,REAL SOCIEDAD,0
60,,VICENT ABRIL,VALENCIA CF,0
60,,JOSÉ ÁNGEL GAITÁN DIAZ,VILLARREAL CF,0
60,,JAVI GALÁN,CA OSASUNA,0
60,,KAREEM TUNDE,LEVANTE UD,0
60,,DANIEL BALLESTEROS FERNÁNDEZ,ELCHE CF,0
60,,ALEJANDRO MESTANZA,GETAFE CF,0
60,,JULIO DÍAZ,ATLÉTICO DE MADRID,0
60,,IKER LUQUE,ATLÉTICO DE MADRID,0
60,,NICOLÁS FONSECA,REAL OVIEDO,0
60,,KAZUNARI KITA,REAL SOCIEDAD,0
60,,IBAI AGUIRRE,REAL SOCIEDAD,0
60,,ADRIÁN RIQUELME,GETAFE CF,0
60,,CARLOS MARTÍN,RAYO VALLECANO,0
60,,THIAGO BORBAS,REAL OVIEDO,0
60,,UMAR SADIQ,VALENCIA CF,0
60,,JUSTIN KALUMBA,RCD MALLORCA,0
60,,ÁLVARO LEIVA,REAL MADRID,0
60,,CÉSAR PALACIOS,REAL MADRID,0
60,,UGO RAGHOUBER,LEVANTE UD,0
60,,MARTÍN SATRIANO,GETAFE CF,0
60,,RAYANE BELAID,ATLÉTICO DE MADRID,0
60,,HUGO BURCIO,CELTA,0
60,,JOÃO PEDRO CAVACO CANCELO,FC BARCELONA,0
60,,JOB OCHIENG,REAL SOCIEDAD,0
60,,BEMA SINA,ELCHE CF,0
60,,ALEJANDRO SÁNCHEZ MANTECÓN,ELCHE CF,0
60,,FEDERICO GATTONI,SEVILLA FC,0
60,,ILIAS AKHOMACH,RAYO VALLECANO,0
60,,DIEGO AGUADO,REAL MADRID,0
60,,RAÚL MORO,CA OSASUNA,0
60,,SERGIO ESTEBAN,ATLÉTICO DE MADRID,0
60,,DANIEL DÍAZ,REAL SOCIEDAD,0
60,,LUIS VÁZQUEZ,GETAFE CF,0
60,,ZAID ROMERO,GETAFE CF,0
60,,SEBASTIÁN BOSELLI,GETAFE CF,0
60,,MARC-ANDRÉ TER STEGEN,GIRONA FC,0
60,,FRAN BELTRÁN,GIRONA FC,0
60,,CLAUDIO ECHEVERRI,GIRONA FC,0
